index,createdAt,closedAt,cursor,
0,2015-05-28T13:48:26Z,2015-06-24T02:41:31Z,Y3Vyc29yOnYyOpHOH52ifw==
1,2015-06-21T18:47:59Z,2015-06-24T02:41:12Z,Y3Vyc29yOnYyOpHOH52ifw==
2,2015-08-11T16:21:42Z,2015-09-10T05:23:08Z,Y3Vyc29yOnYyOpHOH52ifw==
3,2015-09-04T02:52:38Z,2015-09-22T10:49:58Z,Y3Vyc29yOnYyOpHOH52ifw==
4,2015-09-08T03:21:46Z,2015-09-10T05:22:51Z,Y3Vyc29yOnYyOpHOH52ifw==
5,2015-09-17T21:30:34Z,2015-09-23T16:42:44Z,Y3Vyc29yOnYyOpHOH52ifw==
6,2015-09-22T10:20:00Z,2020-08-08T10:35:56Z,Y3Vyc29yOnYyOpHOH52ifw==
7,2015-09-22T15:13:20Z,2020-08-08T10:35:40Z,Y3Vyc29yOnYyOpHOH52ifw==
8,2015-09-23T13:44:54Z,2020-08-08T10:35:41Z,Y3Vyc29yOnYyOpHOH52ifw==
9,2015-09-24T11:53:58Z,2016-01-20T10:15:57Z,Y3Vyc29yOnYyOpHOH52ifw==
10,2015-10-15T17:44:50Z,2016-03-26T19:53:56Z,Y3Vyc29yOnYyOpHOH52ifw==
11,2015-12-08T07:01:19Z,2016-03-17T22:57:50Z,Y3Vyc29yOnYyOpHOH52ifw==
12,2016-01-05T05:18:00Z,2016-01-19T13:55:08Z,Y3Vyc29yOnYyOpHOH52ifw==
13,2016-01-29T04:58:09Z,2016-01-29T11:47:38Z,Y3Vyc29yOnYyOpHOH52ifw==
14,2016-02-02T11:33:22Z,2016-02-02T11:41:30Z,Y3Vyc29yOnYyOpHOH52ifw==
15,2016-03-10T11:36:43Z,2016-03-10T15:09:06Z,Y3Vyc29yOnYyOpHOH52ifw==
16,2016-03-15T03:55:22Z,2016-03-23T22:31:42Z,Y3Vyc29yOnYyOpHOH52ifw==
17,2016-03-22T12:24:25Z,2016-03-25T09:02:39Z,Y3Vyc29yOnYyOpHOH52ifw==
18,2016-03-24T02:26:43Z,2016-03-26T19:51:21Z,Y3Vyc29yOnYyOpHOH52ifw==
19,2016-04-05T16:41:21Z,2016-04-11T06:48:17Z,Y3Vyc29yOnYyOpHOH52ifw==
20,2016-04-09T05:48:34Z,2016-04-10T04:38:56Z,Y3Vyc29yOnYyOpHOH52ifw==
21,2016-04-17T07:16:20Z,2016-04-20T02:38:11Z,Y3Vyc29yOnYyOpHOH52ifw==
22,2016-05-30T20:40:51Z,2020-08-08T10:35:42Z,Y3Vyc29yOnYyOpHOH52ifw==
23,2016-07-08T13:30:14Z,2016-08-19T15:56:26Z,Y3Vyc29yOnYyOpHOH52ifw==
24,2016-08-20T01:25:13Z,2020-08-08T10:35:43Z,Y3Vyc29yOnYyOpHOH52ifw==
25,2016-08-31T09:27:05Z,2020-08-08T10:35:44Z,Y3Vyc29yOnYyOpHOH52ifw==
26,2016-09-11T10:52:16Z,2020-08-08T10:35:50Z,Y3Vyc29yOnYyOpHOH52ifw==
27,2016-09-12T05:11:46Z,2016-09-12T05:17:35Z,Y3Vyc29yOnYyOpHOH52ifw==
28,2016-09-12T21:18:17Z,2020-08-08T10:35:45Z,Y3Vyc29yOnYyOpHOH52ifw==
29,2016-09-16T10:01:17Z,2016-09-17T16:09:24Z,Y3Vyc29yOnYyOpHOH52ifw==
30,2016-09-19T07:54:53Z,2020-08-08T10:35:48Z,Y3Vyc29yOnYyOpHOH52ifw==
31,2016-09-21T19:11:37Z,2020-08-08T10:35:54Z,Y3Vyc29yOnYyOpHOH52ifw==
32,2016-09-23T07:43:03Z,2017-02-07T05:04:06Z,Y3Vyc29yOnYyOpHOH52ifw==
33,2016-09-25T08:29:55Z,2016-09-25T08:33:29Z,Y3Vyc29yOnYyOpHOH52ifw==
34,2016-10-17T21:06:42Z,2020-08-08T10:35:46Z,Y3Vyc29yOnYyOpHOH52ifw==
35,2016-10-27T08:54:01Z,2020-08-08T10:35:55Z,Y3Vyc29yOnYyOpHOH52ifw==
36,2016-11-17T13:12:23Z,2020-08-08T10:35:58Z,Y3Vyc29yOnYyOpHOH52ifw==
37,2016-11-17T16:23:24Z,2020-08-08T10:35:47Z,Y3Vyc29yOnYyOpHOH52ifw==
38,2017-01-05T01:41:12Z,2017-02-07T05:03:28Z,Y3Vyc29yOnYyOpHOH52ifw==
39,2017-01-11T05:40:46Z,2017-02-07T04:56:59Z,Y3Vyc29yOnYyOpHOH52ifw==
40,2017-01-11T23:46:03Z,2017-02-07T04:33:33Z,Y3Vyc29yOnYyOpHOH52ifw==
41,2017-02-06T07:19:37Z,2017-02-07T04:19:43Z,Y3Vyc29yOnYyOpHOH52ifw==
42,2017-02-22T10:30:21Z,2020-08-08T11:35:16Z,Y3Vyc29yOnYyOpHOH52ifw==
43,2017-03-05T17:31:24Z,2017-04-03T14:04:40Z,Y3Vyc29yOnYyOpHOH52ifw==
44,2017-03-05T20:22:45Z,2020-08-08T10:35:49Z,Y3Vyc29yOnYyOpHOH52ifw==
45,2017-03-08T09:22:51Z,2017-03-08T09:25:43Z,Y3Vyc29yOnYyOpHOH52ifw==
46,2017-03-20T23:48:09Z,2020-08-08T10:36:08Z,Y3Vyc29yOnYyOpHOH52ifw==
47,2017-03-23T08:21:17Z,2017-08-02T08:05:14Z,Y3Vyc29yOnYyOpHOH52ifw==
48,2017-04-14T01:51:29Z,2020-08-08T10:35:52Z,Y3Vyc29yOnYyOpHOH52ifw==
49,2017-04-24T21:09:54Z,2020-08-08T10:36:05Z,Y3Vyc29yOnYyOpHOH52ifw==
50,2017-04-25T07:05:08Z,2020-08-08T10:35:51Z,Y3Vyc29yOnYyOpHOH52ifw==
51,2017-05-12T02:07:49Z,2020-08-08T08:35:37Z,Y3Vyc29yOnYyOpHOH52ifw==
52,2017-06-03T14:52:58Z,2020-08-08T10:35:53Z,Y3Vyc29yOnYyOpHOH52ifw==
53,2017-06-30T17:10:10Z,2017-06-30T17:17:27Z,Y3Vyc29yOnYyOpHOH52ifw==
54,2017-07-24T07:05:53Z,2017-08-02T08:06:35Z,Y3Vyc29yOnYyOpHOH52ifw==
55,2017-08-21T09:28:34Z,2020-08-08T10:35:57Z,Y3Vyc29yOnYyOpHOH52ifw==
56,2017-08-31T11:37:24Z,2017-09-02T11:33:45Z,Y3Vyc29yOnYyOpHOH52ifw==
57,2017-08-31T11:53:20Z,2020-08-08T10:36:00Z,Y3Vyc29yOnYyOpHOH52ifw==
58,2017-10-03T12:39:35Z,2020-08-08T10:35:59Z,Y3Vyc29yOnYyOpHOH52ifw==
59,2017-10-23T06:26:51Z,2020-08-08T12:28:40Z,Y3Vyc29yOnYyOpHOH52ifw==
60,2017-10-24T17:50:06Z,2020-08-08T10:36:01Z,Y3Vyc29yOnYyOpHOH52ifw==
61,2017-11-01T18:26:36Z,2018-02-23T10:41:18Z,Y3Vyc29yOnYyOpHOH52ifw==
62,2017-11-02T10:26:37Z,2020-08-08T10:36:02Z,Y3Vyc29yOnYyOpHOH52ifw==
63,2017-11-07T06:32:43Z,2020-08-08T11:35:17Z,Y3Vyc29yOnYyOpHOH52ifw==
64,2017-11-07T10:30:26Z,2020-08-08T10:36:03Z,Y3Vyc29yOnYyOpHOH52ifw==
65,2017-11-07T22:19:20Z,2020-08-08T10:36:04Z,Y3Vyc29yOnYyOpHOH52ifw==
66,2017-11-11T18:44:17Z,2017-11-20T05:46:07Z,Y3Vyc29yOnYyOpHOH52ifw==
67,2017-12-19T14:40:28Z,2020-08-08T10:36:07Z,Y3Vyc29yOnYyOpHOH52ifw==
68,2017-12-28T04:08:37Z,2020-08-08T10:36:06Z,Y3Vyc29yOnYyOpHOH52ifw==
69,2018-01-31T00:18:29Z,2020-08-08T10:36:09Z,Y3Vyc29yOnYyOpHOH52ifw==
70,2018-02-09T17:29:11Z,2020-08-08T08:35:54Z,Y3Vyc29yOnYyOpHOH52ifw==
71,2018-03-17T12:01:16Z,2020-08-08T08:35:41Z,Y3Vyc29yOnYyOpHOH52ifw==
72,2018-05-05T03:00:33Z,2018-05-16T09:06:05Z,Y3Vyc29yOnYyOpHOH52ifw==
73,2018-05-10T10:32:04Z,2020-08-08T08:35:42Z,Y3Vyc29yOnYyOpHOH52ifw==
74,2018-05-11T10:25:08Z,2020-08-08T11:35:18Z,Y3Vyc29yOnYyOpHOH52ifw==
75,2018-05-29T02:53:42Z,2020-08-08T08:36:00Z,Y3Vyc29yOnYyOpHOH52ifw==
76,2018-06-14T19:47:35Z,2020-08-02T17:59:03Z,Y3Vyc29yOnYyOpHOH52ifw==
77,2018-08-10T20:12:35Z,2020-08-08T08:35:55Z,Y3Vyc29yOnYyOpHOH52ifw==
78,2018-09-08T08:16:21Z,2020-08-08T11:35:19Z,Y3Vyc29yOnYyOpHOH52ifw==
79,2018-09-19T10:00:25Z,2020-08-08T08:35:45Z,Y3Vyc29yOnYyOpHOH52ifw==
80,2018-10-10T06:16:45Z,2020-08-08T11:35:20Z,Y3Vyc29yOnYyOpHOH52ifw==
81,2018-12-21T01:25:53Z,2020-08-08T11:35:21Z,Y3Vyc29yOnYyOpHOH52ifw==
82,2019-01-01T07:17:13Z,2020-08-08T08:35:38Z,Y3Vyc29yOnYyOpHOH52ifw==
83,2019-01-30T03:28:49Z,2020-08-08T08:35:40Z,Y3Vyc29yOnYyOpHOH52ifw==
84,2019-02-27T09:25:22Z,2020-08-08T08:35:39Z,Y3Vyc29yOnYyOpHOH52ifw==
85,2019-03-04T05:01:43Z,2020-08-08T08:35:43Z,Y3Vyc29yOnYyOpHOH52ifw==
86,2019-03-08T01:41:53Z,2019-03-09T01:02:12Z,Y3Vyc29yOnYyOpHOH52ifw==
87,2019-04-10T03:06:44Z,2020-08-08T14:46:46Z,Y3Vyc29yOnYyOpHOH52ifw==
88,2019-04-17T15:53:03Z,2020-08-08T14:46:32Z,Y3Vyc29yOnYyOpHOH52ifw==
89,2019-07-01T23:48:51Z,2020-08-08T14:46:06Z,Y3Vyc29yOnYyOpHOH52ifw==
90,2019-07-06T20:22:03Z,2020-08-08T08:35:47Z,Y3Vyc29yOnYyOpHOH52ifw==
91,2019-08-14T07:28:10Z,2019-09-06T06:00:10Z,Y3Vyc29yOnYyOpHOH52ifw==
92,2019-08-21T13:03:13Z,2019-09-06T05:57:09Z,Y3Vyc29yOnYyOpHOH52ifw==
93,2019-09-24T06:20:00Z,2020-08-08T08:35:53Z,Y3Vyc29yOnYyOpHOH52ifw==
94,2019-09-24T10:10:50Z,2020-08-08T08:35:44Z,Y3Vyc29yOnYyOpHOH52ifw==
95,2019-10-04T19:35:36Z,2019-12-06T18:18:42Z,Y3Vyc29yOnYyOpHOH52ifw==
96,2019-10-20T23:38:47Z,2020-08-08T08:35:46Z,Y3Vyc29yOnYyOpHOH52ifw==
97,2019-10-25T08:31:04Z,2020-08-08T08:35:48Z,Y3Vyc29yOnYyOpHOH52ifw==
98,2019-10-27T04:21:14Z,2020-08-08T08:35:56Z,Y3Vyc29yOnYyOpHOH52ifw==
99,2019-11-29T16:28:44Z,2020-08-08T08:35:49Z,Y3Vyc29yOnYyOpHOH52ifw==
0,2019-12-14T09:36:50Z,2020-08-08T08:35:50Z,
1,2019-12-20T07:13:54Z,2019-12-20T07:17:12Z,
2,2019-12-25T10:58:37Z,2020-08-08T08:35:51Z,
3,2020-01-07T17:53:09Z,2020-01-07T17:58:57Z,
4,2020-02-19T09:26:06Z,2020-08-08T08:35:52Z,
5,2020-02-27T18:55:39Z,2020-08-08T08:36:02Z,
6,2020-03-16T19:17:48Z,2020-08-08T08:35:57Z,
7,2020-03-26T17:01:10Z,2020-08-08T08:35:58Z,
8,2020-04-27T14:04:39Z,2020-08-08T08:36:01Z,
9,2020-04-27T14:12:55Z,2020-08-08T08:35:59Z,
10,2020-05-12T21:08:08Z,2020-05-13T19:08:56Z,
11,2020-05-20T10:06:53Z,2020-08-08T08:36:03Z,
12,2020-06-11T09:49:04Z,2020-08-02T18:02:07Z,
13,2020-07-15T17:33:42Z,2020-07-16T14:51:25Z,
14,2020-07-28T18:10:06Z,2020-08-02T18:00:45Z,
15,2020-08-06T14:31:52Z,2020-08-07T14:07:26Z,
16,2020-08-16T16:22:36Z,2020-08-16T17:50:44Z,
17,2020-08-18T12:26:28Z,2020-08-20T15:16:39Z,
18,2020-08-18T12:42:37Z,2020-08-20T07:46:30Z,
19,2020-08-20T06:20:41Z,2020-08-20T07:45:47Z,
20,2020-08-20T07:50:39Z,2020-08-20T15:16:24Z,
21,2020-08-21T13:13:28Z,2020-08-22T06:25:14Z,
22,2020-08-21T13:56:18Z,2020-08-22T06:10:47Z,
23,2020-08-27T09:58:53Z,2020-09-03T19:45:54Z,
24,2020-09-01T18:42:29Z,2020-09-01T19:31:17Z,
25,2020-09-02T09:59:25Z,2020-09-02T10:04:45Z,
26,2020-10-08T06:17:43Z,2020-10-08T06:18:43Z,
27,2020-10-15T06:56:12Z,2020-10-15T07:21:58Z,
28,2020-11-03T19:41:11Z,2020-11-30T11:53:14Z,
29,2020-11-04T09:21:55Z,2020-11-17T17:28:17Z,
30,2020-11-30T08:55:25Z,2020-11-30T14:47:22Z,
31,2020-12-02T21:17:47Z,2021-01-08T23:09:17Z,
32,2020-12-06T16:20:25Z,2021-01-12T17:48:01Z,
33,2021-01-04T04:37:09Z,2021-02-10T06:20:50Z,
34,2021-01-27T22:19:31Z,2021-02-08T14:51:29Z,
35,2021-02-15T15:00:45Z,2021-02-20T18:31:46Z,
36,2021-02-18T12:31:41Z,2021-02-19T13:03:19Z,
37,2021-02-25T11:55:19Z,2021-03-12T03:25:47Z,
38,2021-03-15T07:48:42Z,2021-03-17T14:54:17Z,
